1660fe5c81c4ce64a2611494c439e1ba,jennifer
dd94a5f9059f30fa92ab9c5d107788cb,itzmypa$$word
26cae7718c32180a7a0f8e19d6d40a59,facebook
417432b93db6d7654c9612c2cc37dedd,fidoismydog
23ec24c5ca59000543cee1dfded0cbea,sheep
e10adc3949ba59abbe56e057f20f883e,123456
4060e28193d36aeb17dff58ecd2f4e1d,@@@@@@@@@@@
3e4f2b8d612f26bb4f26fbf3d958fa00,H3!!0
981d304c3f23f463adfefc42028f7f0c,zyx987
7f59a125a3f57ff02c3691b7a829b837,cuvant
f46565ba900fb8fb166521bd4bb6e2e7,Cara123
5ebe2294ecd0e0f08eab7690d2a6ee69,secret
5f4dcc3b5aa765d61d8327deb882cf99,password
fc3b604ff70fb679bdb03ef82427a419,myMITpassword
c0234d550092e8d9b2f42d27f7db0c15,lol reddit
2ab96390c7dbe3439de74d0c9b0b1767,hunter2
72b302bf297a228a75730123efef7c41,banana
8632c375e9eba096df51844a5a43ae93,security1
3f71999846f908ed9897eeada2399c95,RonRivest
7d9ad0211d6493e8d55a4a75de3f90a1,nintendo
a5c9b509c134142fbfe0276c22ffa4be,genghis
d8578edf8458ce06fbc5bb76a58c5ca4,qwerty
e10adc3949ba59abbe56e057f20f883e,123456
72b302bf297a228a75730123efef7c41,banana
342f5c77ed008542e78094607ce1f7f3,firstname
c3cb0e6b73ed4ea1103257ac539a015a,bubbles1980
91546a5fca4feda2b837e4ad3e38fcb3,randombits
f30aa7a662c728b7407c54ae6bfd27d1,hello123
4e7e00ce3e827e48d68f3309dabbb1db,mycatiscute
df77a58e5fd82336aec7365b36ab95ff,passwordweak
827ccb0eea8a706c4c34a16891f84e7b,12345
6eea9b7ef19179a06954edd0f6c05ceb,qwertyuiop
4297f44b13955235245b2497399d7a93,123123
52b2d1ad30dc855e46a484abb180d325,59873523
912ec803b2ce49e4a541068d495ab570,asdf
6cd1e21cf8e989f9fc662c40b0d80294,4ever&ever
0832c1202da8d382318e329a7c133ea0,cats
482c811da5d5b4bc6d497ffa98491e38,password123
60411a034de00aa34800cabc37a9e4be,hellen1989
dd7ee3bfea94a9af1d0495e3e2efd339,yellowfellow
82210e61e8f415525262575b20fae48d,treasure
c37bf859faf392800d739a41fe5af151,98765
79464212afb7fd6c38699d0617eaedeb,television
58b4e38f66bcdb546380845d6af27187,qwerty1234
9443b0fceb8c03b6a514a706ea69df0b,donkey
7c6a180b36896a0a8c02787eeafb0e4c,password1
c822c1b63853ed273b89687ac505f9fa,google
ab56b4d92b40713acc5af89985d4b786,abcde
8621ffdbc5698829397d97767ac13db3,dragon
fe01d67a002dfa0f3ac084298142eccd,orange
0c5616c3772c470c9ea847e3ce4079dc,vladkool
b497dd1a701a33026f7211533620780d,drowssap
3f7d43553778f28cc4f2ba00598d0653,nocryptoforme
41fb027d1c23536f9e0b2dde019e1a37,2011992
6ee20298b4f899d0af9f7f04b342f332,howareyou1
e99a18c428cb38d5f260853678922e03,abc123
0d107d09f5bbe40cade3de5c71e9e9b7,letmein
463ce859c76afb3b13b40298c2cd4683,weak neptune99
d8578edf8458ce06fbc5bb76a58c5ca4,qwerty
b13842a079220e73cfbce551dc89f5d5,my voice is my password
020d69ec2ee5b3f192483936e2c7f561,xkcd
0285a6aa6d58842585dcd9181d7f9f34,bcyphers
7babea040123565932f751d938efc5c5,ofir123
72b302bf297a228a75730123efef7c41,banana
dd4137338f84fd1252351375305b847c,rickrolled
efa88170397c87c264cb471f3cf86e6d,let me in
84df077bcb1bd39ab1a3294de0cf655b,skeleton
039624cfe1e84d7e717bd92767a8de84,snowball12
354754c0925e6bd6338f4fbaee43e87e,SecretsRUs57
cf9335aa407b76812d6fe661de163756,3.1415926535
0239181e4d9c76a12e60675013ff4376,dogsandcats
9c0192571dbfb2c3a822dba9cab7d934,ehidontknowwhattoputhere
ac33c7d806f98d4e3f91240c6de301fd,superduper456
887f219f4cd6af1af61d20b687fed01c,n074p4$$w0rd
8f4d5fe00d95218527683d4df55450de,douacuvinte17
57e507f55beaf31e85f298af9b3d6bb4,carachloe2pets
318e2407a82f72b01d61ab1c52a719b2,12secret123
482c811da5d5b4bc6d497ffa98491e38,password123
0462ea952b3d43073bfa7969d092984a,AGE OF EMPIRES_1992
f4b5ad38c48310e80be31c9f74a3ff48,Cryptomania!
65f688749305a936a5964de0dd5f2a7f,bananacustard
59cae021a199e3a109d4e1d4eb06f454,6.857iscool
b9cba343ab1df65293bcd23e668c7179,ekazPS26
af27d1863513c3e2b8490500f8ade244,smashbrosnintendo64
fb38ab49398741224bca4259a6094c24,GenghisChau
f8cacbcdcbf93f6238285139e0f8284b,t3hs3cr3t
1897a69ef451f0991bb85c6e7c35aa31,1a2b3c4d
a0cc3ee999ec0c60dc75ebb1448e2aaa,Az92Alpq
987dce6fd25b25c278ceb48b23699dc7,MaidenName
d54b17e4795c706a6738700a548df92f,Congr@tul@tions!
3ab30dfdf113efe9b719ce5763d75446,c@t!scut8
9ded7fab83986b60bdbb4a75dab019bb,AcH98
700055094032bf4942fa3f670d5330f5,SMArq123
3805248410673a8be6aa4807e61fb5ae,poiuytrewq
e397c0aef7d112929a4b9ffcf97175e8,5987ty3523
53fe99e9c93fdd5fc14e296375b85b43,password1234567890
8b2d6d8c68b069ea1c27308cd4b3d3ac,happydays219
1e46805eff2b78c440e88cd8d4cce788,b1umua
62a4561c731e19b63bc9a4929bbb5f87,j@cktHEr!pper
c4ee758b17ed3c864d27b436fc46d65a,99BottlesOfBeer
ade19e33351c5ef7923b0fcecac5efe8,jac0b!
d8ac58762deeebe560ae4b239cf224ba,tulmultuous
cb6343e0f08bd6526dcf7d56509eb395,p6l5c3w8!
3d5cfea66d40e5446a3ef7737398ac2e,TheQuickBrownFox
dfd6ea93226701b6d8789e4988f0d400,my%password17
0b47dd2352d12f5bce760ddfa2ef7849,myp455word1
4873cb77ec54c0aa1ea6ababf03bd774,NothignMatters
b419e81184e9492a74d9646e23ebc82d,kamikaze123
b00ad229e995d970090791de535759da,P1n@pple
dcfe89040ba34e8ea4ffb04966e04f04,MITb3aver
3678aa3abfa400f91e7c479d55297801,ItsHappening!
347cfaab0130261f134e9593c85caf93,Hello123oRld
d1fdfebfd5a4fa30644a40c042856e87,$eLLer
8a8ed1d1160152f7656f5e823a8bdffa,tr0mb0n3
696d29e0940a4957748fe3fc9efd22a3,5f4dcc3b5aa765d61d8327deb882cf99
4ece57a61323b52ccffdbef021956754,Tr0ub4dor&3
2741f0a592772d52835003128a900350,AnimalBlouse14
37e2542cfc084f9b09e4a5784c9dd5d5,194aioli57
d5af1d13cfbcc5e08796f09da37ddc2d,RickAstleyRocks!
72deac1f7a7b70ead34b017fa0676b9b,Chjklm88
b303c8c8dfb2589c50a615e9db9e811e,jennifer123#321
ca0c9e4f47ace3423b150207f49d4911,afaraningesupertare
5277e47f8ec27676839fba3b338e7018,janemanjanemanteredonayan
60abe3e25b19739b3a213f2646183a77,A11235b8c16
be2b792b0264009a9106d27abe69ded4,b6o0r8b6
4cc2012ab57f76bb2d95b6dbe0cd3704,ts^H28w9
838035512013076935bdf26c70895458,19$ug@r92
cc74c1cf76412cf024b84da7254ecbcd,haw2u521
5b3294dd5bc8345e63dc0a27ba74d256,Sup3rs@lty5
007b046e53a5fddd93b5928e364c6992,2L3g1T2qU1t
c8b0fca2c59d9198b641ce60fe9b501b,Adm1Cmv4$
e9f5bd2bae1c70770ff8c6e6cf2d7b76,correcthorsebatterystaple
e9f5bd2bae1c70770ff8c6e6cf2d7b76,correcthorsebatterystaple